STAR_RATING,WORK_RECOM_DTL_ID,WORK_REVIEW_ID,REVIEW_DETAIL,QUERY_WORK_ID
5,162799,5,good work,108239
1,161939,4,bad,108239
5,118396,3,nice,108239
1,194585,2,"The road is of very bad quality it has been constructed for some months, and it started dissolving also the roads not covered the connecting lanes from the main road",108239
1,140999,1,Very bad ,108239
5,162799,5,good work,110707
1,161939,4,bad,110707
5,118396,3,nice,110707
1,194585,2,"The road is of very bad quality it has been constructed for some months, and it started dissolving also the roads not covered the connecting lanes from the main road",110707
1,140999,1,Very bad ,110707
5,162799,5,good work,110718
1,161939,4,bad,110718
5,118396,3,nice,110718
1,194585,2,"The road is of very bad quality it has been constructed for some months, and it started dissolving also the roads not covered the connecting lanes from the main road",110718
1,140999,1,Very bad ,110718
5,162799,5,good work,114107
1,161939,4,bad,114107
5,118396,3,nice,114107
1,194585,2,"The road is of very bad quality it has been constructed for some months, and it started dissolving also the roads not covered the connecting lanes from the main road",114107
1,140999,1,Very bad ,114107
5,162799,5,good work,114613
1,161939,4,bad,114613
5,118396,3,nice,114613
1,194585,2,"The road is of very bad quality it has been constructed for some months, and it started dissolving also the roads not covered the connecting lanes from the main road",114613
1,140999,1,Very bad ,114613
5,162799,5,good work,114703
1,161939,4,bad,114703
5,118396,3,nice,114703
1,194585,2,"The road is of very bad quality it has been constructed for some months, and it started dissolving also the roads not covered the connecting lanes from the main road",114703
1,140999,1,Very bad ,114703
5,162799,5,good work,114713
1,161939,4,bad,114713
5,118396,3,nice,114713
1,194585,2,"The road is of very bad quality it has been constructed for some months, and it started dissolving also the roads not covered the connecting lanes from the main road",114713
1,140999,1,Very bad ,114713
5,162799,5,good work,114721
1,161939,4,bad,114721
5,118396,3,nice,114721
1,194585,2,"The road is of very bad quality it has been constructed for some months, and it started dissolving also the roads not covered the connecting lanes from the main road",114721
1,140999,1,Very bad ,114721
5,162799,5,good work,114722
1,161939,4,bad,114722
5,118396,3,nice,114722
1,194585,2,"The road is of very bad quality it has been constructed for some months, and it started dissolving also the roads not covered the connecting lanes from the main road",114722
1,140999,1,Very bad ,114722
5,162799,5,good work,114728
1,161939,4,bad,114728
5,118396,3,nice,114728
1,194585,2,"The road is of very bad quality it has been constructed for some months, and it started dissolving also the roads not covered the connecting lanes from the main road",114728
1,140999,1,Very bad ,114728
5,162799,5,good work,162799
1,161939,4,bad,162799
5,118396,3,nice,162799
1,194585,2,"The road is of very bad quality it has been constructed for some months, and it started dissolving also the roads not covered the connecting lanes from the main road",162799
1,140999,1,Very bad ,162799
5,162799,5,good work,161939
1,161939,4,bad,161939
5,118396,3,nice,161939
1,194585,2,"The road is of very bad quality it has been constructed for some months, and it started dissolving also the roads not covered the connecting lanes from the main road",161939
1,140999,1,Very bad ,161939
5,162799,5,good work,118396
1,161939,4,bad,118396
5,118396,3,nice,118396
1,194585,2,"The road is of very bad quality it has been constructed for some months, and it started dissolving also the roads not covered the connecting lanes from the main road",118396
1,140999,1,Very bad ,118396
5,162799,5,good work,194585
1,161939,4,bad,194585
5,118396,3,nice,194585
1,194585,2,"The road is of very bad quality it has been constructed for some months, and it started dissolving also the roads not covered the connecting lanes from the main road",194585
1,140999,1,Very bad ,194585
5,162799,5,good work,140999
1,161939,4,bad,140999
5,118396,3,nice,140999
1,194585,2,"The road is of very bad quality it has been constructed for some months, and it started dissolving also the roads not covered the connecting lanes from the main road",140999
1,140999,1,Very bad ,140999
