DISTRICT_NAME,DISTRICT_ID,STATE_ID,STATE_NAME
AMRITSAR,480587,1,Punjab
BARNALA,480588,1,Punjab
BATHINDA,480589,1,Punjab
FARIDKOT,480590,1,Punjab
FATEHGARH SAHIB,480591,1,Punjab
FAZILKA,480592,1,Punjab
FEROZEPUR,480593,1,Punjab
GURDASPUR,480594,1,Punjab
HOSHIARPUR,480595,1,Punjab
JALANDHAR,480596,1,Punjab
KAPURTHALA,480597,1,Punjab
LUDHIANA,480598,1,Punjab
MALERKOTLA,480599,1,Punjab
MANSA,480600,1,Punjab
MOGA,480601,1,Punjab
PATHANKOT,480602,1,Punjab
PATIALA,480603,1,Punjab
RUPNAGAR,480604,1,Punjab
SANGRUR,480605,1,Punjab
S.A.S Nagar,480606,1,Punjab
Shahid Bhagat Singh Nagar,480607,1,Punjab
SRI MUKTSAR SAHIB,480608,1,Punjab
Tarn Taran,480609,1,Punjab
Alluri Sitharama Raju,480080,2,Andhra Pradesh
Anakapalli,480081,2,Andhra Pradesh
Ananthapuramu,480082,2,Andhra Pradesh
Annamayya,480083,2,Andhra Pradesh
Bapatla,480084,2,Andhra Pradesh
CHITTOOR,480085,2,Andhra Pradesh
EAST GODAVARI,480086,2,Andhra Pradesh
Eluru,480087,2,Andhra Pradesh
GUNTUR,480088,2,Andhra Pradesh
Kakinada,480089,2,Andhra Pradesh
Dr. B.R. Ambedkar Konaseema,480090,2,Andhra Pradesh
KRISHNA,480091,2,Andhra Pradesh
KURNOOL,480092,2,Andhra Pradesh
Nandyal,480093,2,Andhra Pradesh
NTR,480094,2,Andhra Pradesh
Palnadu,480095,2,Andhra Pradesh
Parvathipuram Manyam,480096,2,Andhra Pradesh
PRAKASAM,480097,2,Andhra Pradesh
Sri Potti Sriramulu Nellore,480098,2,Andhra Pradesh
SRIKAKULAM,480099,2,Andhra Pradesh
Sri Sathya Sai,480100,2,Andhra Pradesh
Tirupati,480101,2,Andhra Pradesh
Visakhapatnam,480102,2,Andhra Pradesh
VIZIANAGARAM,480103,2,Andhra Pradesh
WEST GODAVARI,480104,2,Andhra Pradesh
Y.S.R. Kadapa,480105,2,Andhra Pradesh
Markapuram,1000007,2,Andhra Pradesh
Polavaram,1000008,2,Andhra Pradesh
ANJAW,480106,3,Arunachal Pradesh
CHANGLANG,480107,3,Arunachal Pradesh
DIBANG VALLEY,480108,3,Arunachal Pradesh
EAST KAMENG,480109,3,Arunachal Pradesh
EAST SIANG,480110,3,Arunachal Pradesh
KAMLE,480111,3,Arunachal Pradesh
KRA DAADI,480112,3,Arunachal Pradesh
KURUNG KUMEY,480113,3,Arunachal Pradesh
LEPARADA,480114,3,Arunachal Pradesh
LOHIT,480115,3,Arunachal Pradesh
LONGDING,480116,3,Arunachal Pradesh
LOWER DIBANG VALLEY,480117,3,Arunachal Pradesh
LOWER SIANG,480119,3,Arunachal Pradesh
LOWER SUBANSIRI,480120,3,Arunachal Pradesh
NAMSAI,480121,3,Arunachal Pradesh
PAKKE KESSANG,480122,3,Arunachal Pradesh
PAPUM PARE,480123,3,Arunachal Pradesh
SHI YOMI,480124,3,Arunachal Pradesh
SIANG,480125,3,Arunachal Pradesh
TAWANG,480126,3,Arunachal Pradesh
TIRAP,480127,3,Arunachal Pradesh
UPPER SIANG,480128,3,Arunachal Pradesh
UPPER SUBANSIRI,480129,3,Arunachal Pradesh
WEST KAMENG,480130,3,Arunachal Pradesh
WEST SIANG,480131,3,Arunachal Pradesh
Keyi Panyor,1000004,3,Arunachal Pradesh
Bichom,1000005,3,Arunachal Pradesh
WEST KARBI ANGLONG,480118,5,Assam
BAJALI,480132,5,Assam
BAKSA,480133,5,Assam
BARPETA,480134,5,Assam
Biswanath,480135,5,Assam
BONGAIGAON,480136,5,Assam
CACHAR,480137,5,Assam
CHARAIDEO,480138,5,Assam
CHIRANG,480139,5,Assam
DARRANG,480140,5,Assam
DHEMAJI,480141,5,Assam
DHUBRI,480142,5,Assam
DIBRUGARH,480143,5,Assam
DIMA HASAO,480144,5,Assam
GOALPARA,480145,5,Assam
GOLAGHAT,480146,5,Assam
HAILAKANDI,480147,5,Assam
HOJAI,480148,5,Assam
JORHAT,480149,5,Assam
KAMRUP,480150,5,Assam
KAMRUP METRO,480151,5,Assam
KARBI ANGLONG,480152,5,Assam
Sribhumi,480153,5,Assam
KOKRAJHAR,480154,5,Assam
LAKHIMPUR,480155,5,Assam
MAJULI,480156,5,Assam
MARIGAON,480157,5,Assam
NAGAON,480158,5,Assam
NALBARI,480159,5,Assam
SIVASAGAR,480160,5,Assam
SONITPUR,480161,5,Assam
SOUTH SALMARA MANCACHAR,480162,5,Assam
TAMULPUR,480163,5,Assam
TINSUKIA,480164,5,Assam
UDALGURI,480165,5,Assam
ARARIA,480166,6,Bihar
ARWAL,480167,6,Bihar
AURANGABAD,480168,6,Bihar
BANKA,480169,6,Bihar
BEGUSARAI,480170,6,Bihar
BHAGALPUR,480171,6,Bihar
BHOJPUR,480172,6,Bihar
BUXAR,480173,6,Bihar
DARBHANGA,480174,6,Bihar
GAYA,480175,6,Bihar
GOPALGANJ,480176,6,Bihar
JAMUI,480177,6,Bihar
JEHANABAD,480178,6,Bihar
KAIMUR (BHABUA),480179,6,Bihar
KATIHAR,480180,6,Bihar
KHAGARIA,480181,6,Bihar
KISHANGANJ,480182,6,Bihar
LAKHISARAI,480183,6,Bihar
MADHEPURA,480184,6,Bihar
MADHUBANI,480185,6,Bihar
MUNGER,480186,6,Bihar
MUZAFFARPUR,480187,6,Bihar
NALANDA,480188,6,Bihar
NAWADA,480189,6,Bihar
PASHCHIM CHAMPARAN,480190,6,Bihar
PATNA,480191,6,Bihar
PURBI CHAMPARAN,480192,6,Bihar
PURNIA,480193,6,Bihar
ROHTAS,480194,6,Bihar
SAHARSA,480195,6,Bihar
SAMASTIPUR,480196,6,Bihar
SARAN,480197,6,Bihar
SHEIKHPURA,480198,6,Bihar
SHEOHAR,480199,6,Bihar
SITAMARHI,480200,6,Bihar
SIWAN,480201,6,Bihar
SUPAUL,480202,6,Bihar
VAISHALI,480203,6,Bihar
CHANDIGARH,480204,7,Chandigarh
BALOD,480205,8,Chhattisgarh
Balodabazar-Bhatapara,480206,8,Chhattisgarh
Balrampur-Ramanujganj,480207,8,Chhattisgarh
BASTAR,480208,8,Chhattisgarh
BEMETARA,480209,8,Chhattisgarh
BIJAPUR,480210,8,Chhattisgarh
BILASPUR,480211,8,Chhattisgarh
Dakshin Bastar Dantewada,480212,8,Chhattisgarh
DHAMTARI,480213,8,Chhattisgarh
DURG,480214,8,Chhattisgarh
GARIYABAND,480215,8,Chhattisgarh
Gaurela-Pendra-Marwahi,480216,8,Chhattisgarh
JANJGIR-CHAMPA,480217,8,Chhattisgarh
JASHPUR,480218,8,Chhattisgarh
Kabeerdham,480219,8,Chhattisgarh
Uttar Bastar Kanker,480220,8,Chhattisgarh
Khairagarh-Chhuikhadan-Gandai,480221,8,Chhattisgarh
KONDAGAON,480222,8,Chhattisgarh
KORBA,480223,8,Chhattisgarh
KOREA,480224,8,Chhattisgarh
MAHASAMUND,480225,8,Chhattisgarh
Manendragarh-Chirmiri-Bharatpur(M C B),480226,8,Chhattisgarh
Mohla-Manpur-Ambagarh Chouki,480227,8,Chhattisgarh
MUNGELI,480228,8,Chhattisgarh
NARAYANPUR,480229,8,Chhattisgarh
RAIGARH,480230,8,Chhattisgarh
RAIPUR,480231,8,Chhattisgarh
RAJNANDGAON,480232,8,Chhattisgarh
SAKTI,480234,8,Chhattisgarh
Sarangarh-Bilaigarh,480235,8,Chhattisgarh
SUKMA,480236,8,Chhattisgarh
SURAJPUR,480237,8,Chhattisgarh
SURGUJA,480238,8,Chhattisgarh
DADRA AND NAGAR HAVELI,480720,10,The Dadra And Nagar Haveli And Daman And Diu
DAMAN,480721,10,The Dadra And Nagar Haveli And Daman And Diu
DIU,480722,10,The Dadra And Nagar Haveli And Daman And Diu
CENTRAL,480239,11,Delhi
EAST,480240,11,Delhi
NEW DELHI,480241,11,Delhi
NORTH,480242,11,Delhi
NORTH EAST,480243,11,Delhi
NORTH WEST,480244,11,Delhi
SHAHDARA,480245,11,Delhi
SOUTH,480246,11,Delhi
South East,480247,11,Delhi
SOUTH WEST,480248,11,Delhi
WEST,480249,11,Delhi
Outer North,1000001,11,Delhi
Old Delhi,1000002,11,Delhi
Central North,1000003,11,Delhi
NORTH GOA,480250,12,Goa
SOUTH GOA,480251,12,Goa
Kushavati,1000009,12,Goa
AIZAWL,480526,13,Mizoram
CHAMPHAI,480527,13,Mizoram
Hnahthial,480528,13,Mizoram
KHAWZAWL,480529,13,Mizoram
KOLASIB,480530,13,Mizoram
LAWNGTLAI,480531,13,Mizoram
LUNGLEI,480532,13,Mizoram
MAMIT,480533,13,Mizoram
Siaha,480534,13,Mizoram
SAITUAL,480535,13,Mizoram
SERCHHIP,480536,13,Mizoram
AMBALA,480285,14,Haryana
BHIWANI,480286,14,Haryana
Charkhi Dadri,480287,14,Haryana
FARIDABAD,480288,14,Haryana
FATEHABAD,480289,14,Haryana
GURUGRAM,480291,14,Haryana
HISAR,480292,14,Haryana
JHAJJAR,480293,14,Haryana
JIND,480294,14,Haryana
KAITHAL,480295,14,Haryana
KARNAL,480296,14,Haryana
KURUKSHETRA,480297,14,Haryana
MAHENDRAGARH,480298,14,Haryana
NUH,480299,14,Haryana
PALWAL,480300,14,Haryana
PANCHKULA,480301,14,Haryana
PANIPAT,480302,14,Haryana
REWARI,480303,14,Haryana
ROHTAK,480304,14,Haryana
SIRSA,480305,14,Haryana
SONIPAT,480306,14,Haryana
YAMUNANAGAR,480307,14,Haryana
Hansi,1000000,14,Haryana
BILASPUR,480308,15,Himachal Pradesh
CHAMBA,480309,15,Himachal Pradesh
HAMIRPUR,480310,15,Himachal Pradesh
KANGRA,480311,15,Himachal Pradesh
KINNAUR,480312,15,Himachal Pradesh
KULLU,480313,15,Himachal Pradesh
Lahaul And Spiti,480314,15,Himachal Pradesh
MANDI,480315,15,Himachal Pradesh
SHIMLA,480316,15,Himachal Pradesh
SIRMAUR,480317,15,Himachal Pradesh
SOLAN,480318,15,Himachal Pradesh
UNA,480319,15,Himachal Pradesh
ANANTNAG,480320,16,Jammu And Kashmir
BANDIPORA,480321,16,Jammu And Kashmir
BARAMULLA,480322,16,Jammu And Kashmir
Budgam,480323,16,Jammu And Kashmir
DODA,480324,16,Jammu And Kashmir
GANDERBAL,480325,16,Jammu And Kashmir
JAMMU,480326,16,Jammu And Kashmir
KATHUA,480327,16,Jammu And Kashmir
KISHTWAR,480328,16,Jammu And Kashmir
KULGAM,480329,16,Jammu And Kashmir
KUPWARA,480330,16,Jammu And Kashmir
POONCH,480331,16,Jammu And Kashmir
PULWAMA,480332,16,Jammu And Kashmir
RAJOURI,480333,16,Jammu And Kashmir
RAMBAN,480334,16,Jammu And Kashmir
REASI,480335,16,Jammu And Kashmir
SAMBA,480336,16,Jammu And Kashmir
SHOPIAN,480337,16,Jammu And Kashmir
SRINAGAR,480338,16,Jammu And Kashmir
UDHAMPUR,480339,16,Jammu And Kashmir
LATEHAR,480233,17,Jharkhand
LOHARDAGA,480290,17,Jharkhand
BOKARO,480340,17,Jharkhand
CHATRA,480341,17,Jharkhand
DEOGHAR,480342,17,Jharkhand
DHANBAD,480343,17,Jharkhand
DUMKA,480344,17,Jharkhand
EAST SINGHBUM,480345,17,Jharkhand
GARHWA,480346,17,Jharkhand
GIRIDIH,480347,17,Jharkhand
GODDA,480348,17,Jharkhand
GUMLA,480349,17,Jharkhand
HAZARIBAGH,480350,17,Jharkhand
JAMTARA,480351,17,Jharkhand
KHUNTI,480352,17,Jharkhand
KODERMA,480353,17,Jharkhand
PAKUR,480354,17,Jharkhand
PALAMU,480355,17,Jharkhand
RAMGARH,480356,17,Jharkhand
RANCHI,480357,17,Jharkhand
SAHEBGANJ,480358,17,Jharkhand
SARAIKELA KHARSAWAN,480359,17,Jharkhand
SIMDEGA,480360,17,Jharkhand
WEST SINGHBHUM,480361,17,Jharkhand
BAGALKOTE,480362,18,Karnataka
BALLARI,480363,18,Karnataka
BELAGAVI,480364,18,Karnataka
BENGALURU RURAL,480365,18,Karnataka
BENGALURU URBAN,480366,18,Karnataka
BIDAR,480367,18,Karnataka
Chamarajanagar,480368,18,Karnataka
CHIKKABALLAPURA,480369,18,Karnataka
CHIKKAMAGALURU,480370,18,Karnataka
CHITRADURGA,480371,18,Karnataka
DAKSHINA KANNADA,480372,18,Karnataka
Davanagere,480373,18,Karnataka
DHARWAD,480374,18,Karnataka
GADAG,480375,18,Karnataka
HASSAN,480376,18,Karnataka
HAVERI,480377,18,Karnataka
KALABURAGI,480378,18,Karnataka
KODAGU,480379,18,Karnataka
KOLAR,480380,18,Karnataka
KOPPAL,480381,18,Karnataka
MANDYA,480382,18,Karnataka
MYSURU,480383,18,Karnataka
RAICHUR,480384,18,Karnataka
Bengaluru South,480385,18,Karnataka
SHIVAMOGGA,480386,18,Karnataka
TUMAKURU,480387,18,Karnataka
UDUPI,480388,18,Karnataka
UTTARA KANNADA,480389,18,Karnataka
Vijayanagara,480390,18,Karnataka
VIJAYAPURA,480391,18,Karnataka
YADGIR,480392,18,Karnataka
LAKSHADWEEP DISTRICT,480409,19,Lakshadweep
Agar-Malwa,480410,20,Madhya Pradesh
ALIRAJPUR,480411,20,Madhya Pradesh
ANUPPUR,480412,20,Madhya Pradesh
ASHOKNAGAR,480413,20,Madhya Pradesh
BALAGHAT,480414,20,Madhya Pradesh
BARWANI,480415,20,Madhya Pradesh
BETUL,480416,20,Madhya Pradesh
BHIND,480417,20,Madhya Pradesh
BHOPAL,480418,20,Madhya Pradesh
BURHANPUR,480419,20,Madhya Pradesh
CHHATARPUR,480420,20,Madhya Pradesh
CHHINDWARA,480421,20,Madhya Pradesh
DAMOH,480422,20,Madhya Pradesh
DATIA,480423,20,Madhya Pradesh
DEWAS,480424,20,Madhya Pradesh
DHAR,480425,20,Madhya Pradesh
DINDORI,480426,20,Madhya Pradesh
Khandwa (East Nimar),480427,20,Madhya Pradesh
GUNA,480428,20,Madhya Pradesh
GWALIOR,480429,20,Madhya Pradesh
HARDA,480430,20,Madhya Pradesh
INDORE,480431,20,Madhya Pradesh
JABALPUR,480432,20,Madhya Pradesh
JHABUA,480433,20,Madhya Pradesh
KATNI,480434,20,Madhya Pradesh
Khargone (West Nimar),480435,20,Madhya Pradesh
MANDLA,480436,20,Madhya Pradesh
MANDSAUR,480437,20,Madhya Pradesh
MORENA,480438,20,Madhya Pradesh
NARMADAPURAM,480439,20,Madhya Pradesh
Narsimhapur,480440,20,Madhya Pradesh
NEEMUCH,480441,20,Madhya Pradesh
Niwari,480442,20,Madhya Pradesh
PANNA,480443,20,Madhya Pradesh
RAISEN,480444,20,Madhya Pradesh
RAJGARH,480445,20,Madhya Pradesh
RATLAM,480446,20,Madhya Pradesh
REWA,480447,20,Madhya Pradesh
SAGAR,480448,20,Madhya Pradesh
SATNA,480449,20,Madhya Pradesh
SEHORE,480450,20,Madhya Pradesh
SEONI,480451,20,Madhya Pradesh
SHAHDOL,480452,20,Madhya Pradesh
SHAJAPUR,480453,20,Madhya Pradesh
SHEOPUR,480454,20,Madhya Pradesh
SHIVPURI,480455,20,Madhya Pradesh
SIDHI,480456,20,Madhya Pradesh
SINGRAULI,480457,20,Madhya Pradesh
TIKAMGARH,480458,20,Madhya Pradesh
UJJAIN,480459,20,Madhya Pradesh
UMARIA,480460,20,Madhya Pradesh
VIDISHA,480461,20,Madhya Pradesh
Maihar,480842,20,Madhya Pradesh
MAUGANJ,480843,20,Madhya Pradesh
Pandhurna,480844,20,Madhya Pradesh
Ahilyanagar,480462,21,Maharashtra
AKOLA,480463,21,Maharashtra
AMRAVATI,480464,21,Maharashtra
Chhatrapati Sambhajinagar,480465,21,Maharashtra
BEED,480466,21,Maharashtra
BHANDARA,480467,21,Maharashtra
BULDHANA,480468,21,Maharashtra
CHANDRAPUR,480469,21,Maharashtra
DHULE,480470,21,Maharashtra
GADCHIROLI,480471,21,Maharashtra
GONDIA,480472,21,Maharashtra
HINGOLI,480473,21,Maharashtra
JALGAON,480474,21,Maharashtra
JALNA,480475,21,Maharashtra
KOLHAPUR,480476,21,Maharashtra
LATUR,480477,21,Maharashtra
MUMBAI,480478,21,Maharashtra
MUMBAI SUBURBAN,480479,21,Maharashtra
NAGPUR,480480,21,Maharashtra
NANDED,480481,21,Maharashtra
NANDURBAR,480482,21,Maharashtra
NASHIK,480483,21,Maharashtra
Dharashiv,480484,21,Maharashtra
PALGHAR,480485,21,Maharashtra
PARBHANI,480486,21,Maharashtra
PUNE,480487,21,Maharashtra
RAIGAD,480488,21,Maharashtra
RATNAGIRI,480489,21,Maharashtra
SANGLI,480490,21,Maharashtra
SATARA,480491,21,Maharashtra
SINDHUDURG,480492,21,Maharashtra
SOLAPUR,480493,21,Maharashtra
THANE,480494,21,Maharashtra
WARDHA,480495,21,Maharashtra
WASHIM,480496,21,Maharashtra
YAVATMAL,480497,21,Maharashtra
BISHNUPUR,480498,22,Manipur
CHANDEL,480499,22,Manipur
CHURACHANDPUR,480500,22,Manipur
IMPHAL EAST,480501,22,Manipur
IMPHAL WEST,480502,22,Manipur
JIRIBAM,480503,22,Manipur
KAKCHING,480504,22,Manipur
KAMJONG,480505,22,Manipur
KANGPOKPI,480506,22,Manipur
NONEY,480507,22,Manipur
PHERZAWL,480508,22,Manipur
SENAPATI,480509,22,Manipur
TAMENGLONG,480510,22,Manipur
TENGNOUPAL,480511,22,Manipur
THOUBAL,480512,22,Manipur
UKHRUL,480513,22,Manipur
EASTERN WEST KHASI HILLS,480514,23,Meghalaya
EAST GARO HILLS,480515,23,Meghalaya
EAST JAINTIA HILLS,480516,23,Meghalaya
EAST KHASI HILLS,480517,23,Meghalaya
NORTH GARO HILLS,480518,23,Meghalaya
RI BHOI,480519,23,Meghalaya
SOUTH GARO HILLS,480520,23,Meghalaya
SOUTH WEST GARO HILLS,480521,23,Meghalaya
SOUTH WEST KHASI HILLS,480522,23,Meghalaya
WEST GARO HILLS,480523,23,Meghalaya
WEST JAINTIA HILLS,480524,23,Meghalaya
WEST KHASI HILLS,480525,23,Meghalaya
Chumoukedima,480537,24,Nagaland
DIMAPUR,480538,24,Nagaland
KIPHIRE,480539,24,Nagaland
KOHIMA,480540,24,Nagaland
LONGLENG,480541,24,Nagaland
MOKOKCHUNG,480542,24,Nagaland
MON,480543,24,Nagaland
Niuland,480544,24,Nagaland
Noklak,480545,24,Nagaland
PEREN,480546,24,Nagaland
PHEK,480547,24,Nagaland
Shamator,480548,24,Nagaland
Tseminyu,480549,24,Nagaland
TUENSANG,480550,24,Nagaland
WOKHA,480551,24,Nagaland
ZUNHEBOTO,480552,24,Nagaland
Meluri,1000006,24,Nagaland
Anugola,480553,25,Odisha
BALANGIR,480554,25,Odisha
Baleshwar,480555,25,Odisha
Baragada,480556,25,Odisha
BHADRAK,480557,25,Odisha
BOUDH,480558,25,Odisha
Kataka,480559,25,Odisha
Debagada,480560,25,Odisha
DHENKANAL,480561,25,Odisha
GAJAPATI,480562,25,Odisha
GANJAM,480563,25,Odisha
JAGATSINGHAPUR,480564,25,Odisha
Jajpur,480565,25,Odisha
JHARSUGUDA,480566,25,Odisha
KALAHANDI,480567,25,Odisha
Kandhamala,480568,25,Odisha
Kendrapada,480569,25,Odisha
Kendujhar,480570,25,Odisha
KHORDHA,480571,25,Odisha
KORAPUT,480572,25,Odisha
MALKANGIRI,480573,25,Odisha
MAYURBHANJ,480574,25,Odisha
NABARANGPUR,480575,25,Odisha
Nayagada,480576,25,Odisha
NUAPADA,480577,25,Odisha
PURI,480578,25,Odisha
RAYAGADA,480579,25,Odisha
SAMBALPUR,480580,25,Odisha
Subarnapur,480581,25,Odisha
Sundaragada,480582,25,Odisha
KARAIKAL,480583,26,Puducherry
MAHE,480584,26,Puducherry
Puducherry,480585,26,Puducherry
YANAM,480586,26,Puducherry
Ahmedabad,480252,27,Gujarat
AMRELI,480253,27,Gujarat
ANAND,480254,27,Gujarat
ARVALLI,480255,27,Gujarat
BANAS KANTHA,480256,27,Gujarat
BHARUCH,480257,27,Gujarat
BHAVNAGAR,480258,27,Gujarat
BOTAD,480259,27,Gujarat
CHHOTAUDEPUR,480260,27,Gujarat
Dangs,480261,27,Gujarat
DEVBHUMI DWARKA,480262,27,Gujarat
Dahod,480263,27,Gujarat
GANDHINAGAR,480264,27,Gujarat
GIR SOMNATH,480265,27,Gujarat
JAMNAGAR,480266,27,Gujarat
JUNAGADH,480267,27,Gujarat
KACHCHH,480268,27,Gujarat
KHEDA,480269,27,Gujarat
MAHESANA,480270,27,Gujarat
Mahisagar,480271,27,Gujarat
MORBI,480272,27,Gujarat
NARMADA,480273,27,Gujarat
NAVSARI,480274,27,Gujarat
PANCH MAHALS,480275,27,Gujarat
PATAN,480276,27,Gujarat
PORBANDAR,480277,27,Gujarat
RAJKOT,480278,27,Gujarat
SABAR KANTHA,480279,27,Gujarat
SURAT,480280,27,Gujarat
SURENDRANAGAR,480281,27,Gujarat
TAPI,480282,27,Gujarat
VADODARA,480283,27,Gujarat
VALSAD,480284,27,Gujarat
Vav-Tharad,480862,27,Gujarat
AJMER,480610,28,Rajasthan
ALWAR,480611,28,Rajasthan
BANSWARA,480612,28,Rajasthan
BARAN,480613,28,Rajasthan
BARMER,480614,28,Rajasthan
BHARATPUR,480615,28,Rajasthan
BHILWARA,480616,28,Rajasthan
BIKANER,480617,28,Rajasthan
BUNDI,480618,28,Rajasthan
CHITTORGARH,480619,28,Rajasthan
CHURU,480620,28,Rajasthan
DAUSA,480621,28,Rajasthan
DHOLPUR,480622,28,Rajasthan
DUNGARPUR,480623,28,Rajasthan
GANGANAGAR,480624,28,Rajasthan
HANUMANGARH,480625,28,Rajasthan
JAIPUR,480626,28,Rajasthan
JAISALMER,480627,28,Rajasthan
JALORE,480628,28,Rajasthan
JHALAWAR,480629,28,Rajasthan
JHUNJHUNU,480630,28,Rajasthan
JODHPUR,480631,28,Rajasthan
KARAULI,480632,28,Rajasthan
KOTA,480633,28,Rajasthan
NAGAUR,480634,28,Rajasthan
PALI,480635,28,Rajasthan
PRATAPGARH,480636,28,Rajasthan
RAJSAMAND,480637,28,Rajasthan
SAWAI MADHOPUR,480638,28,Rajasthan
SIKAR,480639,28,Rajasthan
SIROHI,480640,28,Rajasthan
TONK,480641,28,Rajasthan
UDAIPUR,480642,28,Rajasthan
Anoopgarh,480845,28,Rajasthan
Balotra,480846,28,Rajasthan
Beawar,480847,28,Rajasthan
Deeg,480848,28,Rajasthan
Didwana-Kuchaman,480849,28,Rajasthan
Dudu,480850,28,Rajasthan
Gangapurcity,480851,28,Rajasthan
Jaipur Gramin,480852,28,Rajasthan
Jodhpur Gramin,480853,28,Rajasthan
Kekri,480854,28,Rajasthan
Khairthal-Tijara,480855,28,Rajasthan
Kotputli-Behror,480856,28,Rajasthan
Neem Ka Thana,480857,28,Rajasthan
Phalodi,480858,28,Rajasthan
Salumbar,480859,28,Rajasthan
Sanchor,480860,28,Rajasthan
Shahpura,480861,28,Rajasthan
Gangtok,480643,29,Sikkim
Gyalshing,480644,29,Sikkim
Mangan,480645,29,Sikkim
Namchi,480646,29,Sikkim
Pakyong,480647,29,Sikkim
Soreng,480648,29,Sikkim
Ariyalur,480649,30,Tamil Nadu
CHENGALPATTU,480650,30,Tamil Nadu
CHENNAI,480651,30,Tamil Nadu
COIMBATORE,480652,30,Tamil Nadu
CUDDALORE,480653,30,Tamil Nadu
DHARMAPURI,480654,30,Tamil Nadu
DINDIGUL,480655,30,Tamil Nadu
ERODE,480656,30,Tamil Nadu
KALLAKURICHI,480657,30,Tamil Nadu
Kancheepuram,480658,30,Tamil Nadu
KANNIYAKUMARI,480659,30,Tamil Nadu
KARUR,480660,30,Tamil Nadu
KRISHNAGIRI,480661,30,Tamil Nadu
MADURAI,480662,30,Tamil Nadu
Mayiladuthurai,480663,30,Tamil Nadu
NAGAPATTINAM,480664,30,Tamil Nadu
NAMAKKAL,480665,30,Tamil Nadu
PERAMBALUR,480666,30,Tamil Nadu
PUDUKKOTTAI,480667,30,Tamil Nadu
RAMANATHAPURAM,480668,30,Tamil Nadu
Ranipet,480669,30,Tamil Nadu
SALEM,480670,30,Tamil Nadu
SIVAGANGA,480671,30,Tamil Nadu
TENKASI,480672,30,Tamil Nadu
THANJAVUR,480673,30,Tamil Nadu
THENI,480674,30,Tamil Nadu
THE NILGIRIS,480675,30,Tamil Nadu
THIRUVALLUR,480676,30,Tamil Nadu
THIRUVARUR,480677,30,Tamil Nadu
TIRUCHIRAPPALLI,480678,30,Tamil Nadu
TIRUNELVELI,480679,30,Tamil Nadu
Tirupathur,480680,30,Tamil Nadu
TIRUPPUR,480681,30,Tamil Nadu
TIRUVANNAMALAI,480682,30,Tamil Nadu
Thoothukkudi,480683,30,Tamil Nadu
VELLORE,480684,30,Tamil Nadu
Viluppuram,480685,30,Tamil Nadu
VIRUDHUNAGAR,480686,30,Tamil Nadu
Dhalai,480723,31,Tripura
Gomati,480724,31,Tripura
Khowai,480725,31,Tripura
North Tripura,480726,31,Tripura
Sepahijala,480727,31,Tripura
South Tripura,480728,31,Tripura
Unakoti,480729,31,Tripura
West Tripura,480730,31,Tripura
ALMORA,480731,32,Uttarakhand
BAGESHWAR,480732,32,Uttarakhand
CHAMOLI,480733,32,Uttarakhand
CHAMPAWAT,480734,32,Uttarakhand
DEHRADUN,480735,32,Uttarakhand
HARIDWAR,480736,32,Uttarakhand
NAINITAL,480737,32,Uttarakhand
PAURI GARHWAL,480738,32,Uttarakhand
PITHORAGARH,480739,32,Uttarakhand
Rudraprayag,480740,32,Uttarakhand
TEHRI GARHWAL,480741,32,Uttarakhand
Udham Singh Nagar,480742,32,Uttarakhand
Uttarkashi,480743,32,Uttarakhand
AGRA,480744,33,Uttar Pradesh
ALIGARH,480745,33,Uttar Pradesh
AMBEDKAR NAGAR,480746,33,Uttar Pradesh
Amethi,480747,33,Uttar Pradesh
AMROHA,480748,33,Uttar Pradesh
AURAIYA,480749,33,Uttar Pradesh
AYODHYA,480750,33,Uttar Pradesh
AZAMGARH,480751,33,Uttar Pradesh
BAGHPAT,480752,33,Uttar Pradesh
BAHRAICH,480753,33,Uttar Pradesh
BALLIA,480754,33,Uttar Pradesh
BALRAMPUR,480755,33,Uttar Pradesh
BANDA,480756,33,Uttar Pradesh
Bara Banki,480757,33,Uttar Pradesh
BAREILLY,480758,33,Uttar Pradesh
BASTI,480759,33,Uttar Pradesh
BHADOHI,480760,33,Uttar Pradesh
BIJNOR,480761,33,Uttar Pradesh
BUDAUN,480762,33,Uttar Pradesh
BULANDSHAHR,480763,33,Uttar Pradesh
CHANDAULI,480764,33,Uttar Pradesh
CHITRAKOOT,480765,33,Uttar Pradesh
DEORIA,480766,33,Uttar Pradesh
ETAH,480767,33,Uttar Pradesh
ETAWAH,480768,33,Uttar Pradesh
FARRUKHABAD,480769,33,Uttar Pradesh
FATEHPUR,480770,33,Uttar Pradesh
FIROZABAD,480771,33,Uttar Pradesh
GAUTAM BUDDHA NAGAR,480772,33,Uttar Pradesh
GHAZIABAD,480773,33,Uttar Pradesh
GHAZIPUR,480774,33,Uttar Pradesh
GONDA,480775,33,Uttar Pradesh
GORAKHPUR,480776,33,Uttar Pradesh
HAMIRPUR,480777,33,Uttar Pradesh
HAPUR,480778,33,Uttar Pradesh
HARDOI,480779,33,Uttar Pradesh
HATHRAS,480780,33,Uttar Pradesh
JALAUN,480781,33,Uttar Pradesh
JAUNPUR,480782,33,Uttar Pradesh
JHANSI,480783,33,Uttar Pradesh
KANNAUJ,480784,33,Uttar Pradesh
KANPUR DEHAT,480785,33,Uttar Pradesh
KANPUR NAGAR,480786,33,Uttar Pradesh
Kasganj,480787,33,Uttar Pradesh
KAUSHAMBI,480788,33,Uttar Pradesh
KHERI,480789,33,Uttar Pradesh
Kushinagar,480790,33,Uttar Pradesh
LALITPUR,480791,33,Uttar Pradesh
LUCKNOW,480792,33,Uttar Pradesh
Mahrajganj,480793,33,Uttar Pradesh
MAHOBA,480794,33,Uttar Pradesh
MAINPURI,480795,33,Uttar Pradesh
MATHURA,480796,33,Uttar Pradesh
MAU,480797,33,Uttar Pradesh
MEERUT,480798,33,Uttar Pradesh
MIRZAPUR,480799,33,Uttar Pradesh
MORADABAD,480800,33,Uttar Pradesh
MUZAFFARNAGAR,480801,33,Uttar Pradesh
PILIBHIT,480802,33,Uttar Pradesh
PRATAPGARH,480803,33,Uttar Pradesh
PRAYAGRAJ,480804,33,Uttar Pradesh
RAE BARELI,480805,33,Uttar Pradesh
RAMPUR,480806,33,Uttar Pradesh
SAHARANPUR,480807,33,Uttar Pradesh
SAMBHAL,480808,33,Uttar Pradesh
Sant Kabir Nagar,480809,33,Uttar Pradesh
SHAHJAHANPUR,480810,33,Uttar Pradesh
SHAMLI,480811,33,Uttar Pradesh
Shrawasti,480812,33,Uttar Pradesh
Siddharthnagar,480813,33,Uttar Pradesh
SITAPUR,480814,33,Uttar Pradesh
SONBHADRA,480815,33,Uttar Pradesh
SULTANPUR,480816,33,Uttar Pradesh
UNNAO,480817,33,Uttar Pradesh
VARANASI,480818,33,Uttar Pradesh
North 24 Parganas,480819,34,West Bengal
South 24 Parganas,480820,34,West Bengal
Alipurduar,480821,34,West Bengal
BANKURA,480822,34,West Bengal
BIRBHUM,480823,34,West Bengal
Cooch Behar,480824,34,West Bengal
DARJEELING,480825,34,West Bengal
Dakshin Dinajpur,480826,34,West Bengal
Uttar Dinajpur,480827,34,West Bengal
HOOGHLY,480828,34,West Bengal
HOWRAH,480829,34,West Bengal
JALPAIGURI,480830,34,West Bengal
Jhargram,480831,34,West Bengal
KALIMPONG,480832,34,West Bengal
KOLKATA,480833,34,West Bengal
Malda,480834,34,West Bengal
Purba Medinipur,480835,34,West Bengal
Paschim Medinipur,480836,34,West Bengal
MURSHIDABAD,480837,34,West Bengal
NADIA,480838,34,West Bengal
PASCHIM BARDHAMAN,480839,34,West Bengal
PURBA BARDHAMAN,480840,34,West Bengal
PURULIA,480841,34,West Bengal
NICOBARS,480077,35,Andaman And Nicobar Islands
NORTH AND MIDDLE ANDAMAN,480078,35,Andaman And Nicobar Islands
SOUTH ANDAMANS,480079,35,Andaman And Nicobar Islands
ALAPPUZHA,480393,36,Kerala
ERNAKULAM,480394,36,Kerala
IDUKKI,480395,36,Kerala
KANNUR,480396,36,Kerala
KASARAGOD,480397,36,Kerala
KOLLAM,480398,36,Kerala
KOTTAYAM,480399,36,Kerala
KOZHIKODE,480400,36,Kerala
MALAPPURAM,480401,36,Kerala
PALAKKAD,480402,36,Kerala
PATHANAMTHITTA,480403,36,Kerala
THIRUVANANTHAPURAM,480404,36,Kerala
THRISSUR,480405,36,Kerala
WAYANAD,480406,36,Kerala
ADILABAD,480687,129,Telangana
BHADRADRI KOTHAGUDEM,480688,129,Telangana
HANUMAKONDA,480689,129,Telangana
HYDERABAD,480690,129,Telangana
Jagitial,480691,129,Telangana
JANGOAN,480692,129,Telangana
JAYASHANKAR BHUPALAPALLY,480693,129,Telangana
JOGULAMBA GADWAL,480694,129,Telangana
KAMAREDDY,480695,129,Telangana
KARIMNAGAR,480696,129,Telangana
KHAMMAM,480697,129,Telangana
KUMURAM BHEEM ASIFABAD,480698,129,Telangana
MAHABUBABAD,480699,129,Telangana
MAHABUBNAGAR,480700,129,Telangana
MANCHERIAL,480701,129,Telangana
MEDAK,480702,129,Telangana
MEDCHAL MALKAJGIRI,480703,129,Telangana
Mulugu,480704,129,Telangana
NAGARKURNOOL,480705,129,Telangana
NALGONDA,480706,129,Telangana
Narayanpet,480707,129,Telangana
Nirmal,480708,129,Telangana
NIZAMABAD,480709,129,Telangana
PEDDAPALLI,480710,129,Telangana
RAJANNA SIRCILLA,480711,129,Telangana
RANGA REDDY,480712,129,Telangana
SANGAREDDY,480713,129,Telangana
SIDDIPET,480714,129,Telangana
SURYAPET,480715,129,Telangana
VIKARABAD,480716,129,Telangana
WANAPARTHY,480717,129,Telangana
WARANGAL,480718,129,Telangana
YADADRI BHUVANAGIRI,480719,129,Telangana
KARGIL,480407,130,Ladakh
LEH LADAKH,480408,130,Ladakh
