STATE_NAME,STATE_ID
Punjab,1
Andhra Pradesh,2
Arunachal Pradesh,3
Assam,5
Bihar,6
Chandigarh,7
Chhattisgarh,8
The Dadra And Nagar Haveli And Daman And Diu,10
Delhi,11
Goa,12
Mizoram,13
Haryana,14
Himachal Pradesh,15
Jammu And Kashmir,16
Jharkhand,17
Karnataka,18
Lakshadweep,19
Madhya Pradesh,20
Maharashtra,21
Manipur,22
Meghalaya,23
Nagaland,24
Odisha,25
Puducherry,26
Gujarat,27
Rajasthan,28
Sikkim,29
Tamil Nadu,30
Tripura,31
Uttarakhand,32
Uttar Pradesh,33
West Bengal,34
Andaman And Nicobar Islands,35
Kerala,36
Telangana,129
Ladakh,130
